﻿label,description,image,timeunit,timevalue,anchor?
Jurassic Park Premieres,"Jurassic Park, later also referred to as Jurassic World, is an American science fiction media franchise created by Michael Crichton and centered on a disastrous attempt to create a theme park of cloned dinosaurs.",jurassicparkpremieres.png,year,1993,FALSE
Mount St. Helens Erupted,"On March 27, 1980, a series of volcanic explosions and pyroclastic flows began at Mount St. Helens in Skamania County, Washington, United States. A series of phreatic blasts occurred from the summit and escalated until a major explosive eruption took place on May 18, 1980, at 8:32 AM. The eruption, which had a Volcanic Explosivity Index of 5, was the most significant to occur in the contiguous United States since the much smaller 1915 eruption of Lassen Peak in California. It has often been declared the most disastrous volcanic eruption in U.S. history. ",mountsthelenserupted.jpg,year,1980,FALSE
Moon Landing,,,year,1969,FALSE
UBC Founded,"The University of British Columbia (UBC) is a public research university with campuses near Vancouver and in Kelowna, British Columbia. Established in 1908, it is British Columbia's oldest university. The university ranks among the top three universities in Canada. With an annual research budget of $759 million, UBC funds over 8,000 projects a year.",ubcfounded.png,year,1908,TRUE
Tambora Eruption,,,year,1815,FALSE
Little Ice Age,"The Little Ice Age (LIA) was a period of regional cooling, particularly pronounced in the North Atlantic region. It was not a true ice age of global extent. The term was introduced into scientific literature by François E. Matthes in 1939. The period has been conventionally defined as extending from the 16th to the 19th centuries, but some experts prefer an alternative timespan from about 1300 to about 1850.",littleiceage.png,years,500,TRUE
Ancient Egyptians,,,years,5170,FALSE
Domestication of Rice,"Rice is the seed of the grass species Oryza sativa (Asian rice) or less commonly Oryza glaberrima (African rice). The name wild rice is usually used for species of the genera Zizania and Porteresia, both wild and domesticated, although the term may also be used for primitive or uncultivated varieties of Oryza.",domesticationofrice.jpeg,years,9400,TRUE
Last Ice Age,,,years,20000,FALSE
Homo sapiens,"Anatomically modern humans emerged around 300,000 years ago in Africa, evolving from Homo heidelbergensis or a similar species and migrating out of Africa, gradually replacing or interbreeding with local populations of archaic humans. For most of history, humans were nomadic hunter-gatherers.",homosapiens.jpeg,years,300000,TRUE
Homo neanderthalenthsis,,,years,400000,FALSE
Homo heidelbergensis,"Homo heidelbergensis (also H. sapiens heidelbergensis) is an extinct species or subspecies of archaic human which existed during the Middle Pleistocene. It was subsumed as a subspecies of H. erectus in 1950 as H. e. heidelbergensis, but towards the end of the century, it was more widely classified as its own species. It is debated whether or not to constrain H. heidelbergensis to only Europe or to also include African and Asian specimens, and this is further confounded by the type specimen (Mauer 1) being a jawbone, because jawbones feature few diagnostic traits and are generally missing among Middle Pleistocene specimens. Thus, it is debated if some of these specimens could be split off into their own species or a subspecies of H. erectus. Because the classification is so disputed, the Middle Pleistocene is often called the 'muddle in the middle.'",homoheidelbergensis.JPG,years,800000,TRUE
Homo erectus,,,years,2000000,FALSE
Homo habilis,,,years,2100000,FALSE
Paranthropus boisei,,,years,2500000,FALSE
Australopithecus afarensis,,,years,3600000,FALSE
Australopithecus africanus,,,years,3600000,FALSE
Kenyanthropus platyops,,,years,4000000,FALSE
Sahelanthropus tchadensis,"Sahelanthropus tchadensis is an extinct species of the Homininae (African apes) dated to about 7 million years ago, during the Miocene epoch. The species, and its genus Sahelanthropus, was announced in 2002, based mainly on a partial cranium, nicknamed Toumaï, discovered in northern Chad.",sahelanthropustchadensis.jpg,years,7000000,TRUE
First Cats (Felidae),,,years,25000000,FALSE
Marine Mammals,,,years,30000000,FALSE
Formation of the Himalayas,,,years,50000000,FALSE
KT Extinction,,,years,65000000,FALSE
Formation of the Rocky Mountains,"The Rocky Mountains, also known as the Rockies, are a major mountain range and the largest mountain system in North America. The Rocky Mountains stretch 3,000 miles (4,800 kilometers)[1] in straight-line distance from the northernmost part of western Canada, to New Mexico in the southwestern United States. Depending on differing definitions between Canada and the U.S., its northern terminus is located either in northern British Columbia's Terminal Range south of the Liard River and east of the Trench, or in the northeastern foothills of the Brooks Range/British Mountains that face the Beaufort Sea coasts between the Canning River and the Firth River across the Alaska-Yukon border.",formationoftherockymountains.jpg,years,80000000,TRUE
Flowering Plants,,,years,140000000,FALSE
First Birds,,,years,150000000,FALSE
Opening of the Atlantic,,,years,180000000,FALSE
First Mammals,,,years,220000000,FALSE
P/T Extinction,,,years,250000000,FALSE
Burgess Shale,,,years,505000000,FALSE
Trilobites,,,years,515000000,FALSE
Early Vertebrates,,,years,525000000,FALSE
Snowball Earth,,,years,650000000,FALSE
First Sexual Reproduction,"Sexual reproduction is a type of reproduction that involves a complex life cycle in which a gamete (haploid reproductive cells, such as a sperm or egg cell) with a single set of chromosomes combines with another gamete to produce a zygote that develops into an organism composed of cells with two sets of chromosomes (diploid). This is typical in animals, though the number of chromosome sets and how that number changes in sexual reproduction varies, especially among plants, fungi, and other eukaryotes.",firstsexualreproduction.png,years,900000000,TRUE
Eukaryotes Appear,,,years,1800000000,FALSE
First Diatoms,,,years,2000000000,FALSE
Earliest Major Glaciations,,,years,2200000000,FALSE
Accumulation of Oxygen,,,years,2300000000,FALSE
BIFs,,,years,3000000000,FALSE
Stromatolites,,,years,3300000000,FALSE
Oldest Rock,,,years,4300000000,FALSE
Formation of the Moon,,,years,4450000000,FALSE
Formation of Earth,"The oldest material found in the Solar System is dated to 4.5682 Ga (billion years) ago. By 4.54 Ga the primordial Earth had formed. The bodies in the Solar System formed and evolved with the Sun. In theory, a solar nebula partitions a volume out of a molecular cloud by gravitational collapse, which begins to spin and flatten into a circumstellar disk, and then the planets grow out of that disk with the Sun. A nebula contains gas, ice grains, and dust (including primordial nuclides). According to nebular theory, planetesimals formed by accretion, with the primordial Earth being estimated as likely taking anywhere from 70 to 100 million years to form.",formationoftheearth.jpg,years,4500000000,TRUE
